{
  "goal_id": "15599d6f-7eb9-47a1-8602-8e0be27fe765",
  "generated_at": 1778951044.8926473,
  "task_count": 20,
  "phase_breakdown_seconds": {
    "queued_to_assigned": {
      "mean": 86.22144444783528,
      "median": 41.86876356601715,
      "n": 6
    },
    "assigned_to_propose_done": {
      "mean": 140.39444025357565,
      "median": 112.65926718711853,
      "n": 6
    },
    "propose_to_execute_done": {
      "mean": 34.240465342998505,
      "median": 35.859819531440735,
      "n": 4
    },
    "execute_to_terminal": {
      "mean": 30.938752472400665,
      "median": 1.3204760551452637,
      "n": 4
    },
    "total": {
      "mean": 271.42662099997204,
      "median": 247.37425756454468,
      "n": 12
    }
  },
  "llm_call_profile": {
    "calls_seen": 0,
    "propose_events_seen": 232,
    "success_count": 0,
    "fail_count": 0,
    "latency_ms_mean": null,
    "latency_ms_median": null,
    "prompt_tokens_mean": null,
    "completion_tokens_mean": null,
    "by_model": {},
    "note": "token counts are provider usage if available, otherwise lightweight estimates"
  },
  "autopilot_throughput_idle": {
    "tasks_assigned_count": 6,
    "tasks_assigned_per_min": 0.8126858122002107,
    "median_idle_gap_seconds": 69.28503155708313,
    "no_candidates_ticks_seen": 0
  }
}